BE,BLOOM ENERGY CLASS A CORP
CRDO,CREDO TECHNOLOGY GROUP HOLDING LTD
KTOS,KRATOS DEFENSE AND SECURITY SOLUTI
HL,HECLA MINING
FN,FABRINET
SATS,ECHOSTAR CORP CLASS A
IONQ,IONQ INC
CDE,COEUR MINING INC
NXT,NEXTPOWER INC CLASS A
GH,GUARDANT HEALTH INC
RMBS,RAMBUS INC
BBIO,BRIDGEBIO PHARMA INC
AVAV,AEROVIRONMENT INC
STRL,STERLING INFRASTRUCTURE INC
SPXC,SPX TECHNOLOGIES INC
DY,DYCOM INDUSTRIES INC
TTMI,TTM TECHNOLOGIES INC
AEIS,ADVANCED ENERGY INDUSTRIES INC
ENSG,ENSIGN GROUP INC
OKLO,OKLO INC CLASS A
SANM,SANMINA CORP
GTLS,CHART INDUSTRIES INC
UMBF,UMB FINANCIAL CORP
MDGL,MADRIGAL PHARMACEUTICALS INC
UEC,URANIUM ENERGY CORP
ARWR,ARROWHEAD PHARMACEUTICALS INC
QBTS,D WAVE QUANTUM INC
CMC,COMMERCIAL METALS
IDCC,INTERDIGITAL INC
COMP,COMPASS INC CLASS A
ONB,OLD NATIONAL BANCORP
CTRE,CARETRUST REIT INC
RNA,AVIDITY BIOSCIENCES INC
MOGA,MOOG INC CLASS A
APLD,APPLIED DIGITAL CORP
AHR,AMERICAN HEALTHCARE REIT INC
JBTM,JBT MAREL CORP
WTS,WATTS WATER TECHNOLOGIES INC CLASS
PRIM,PRIMORIS SERVICES CORP
SITM,SITIME CORP
LUMN,LUMEN TECHNOLOGIES INC
AXSM,AXSOME THERAPEUTICS INC
PRAX,PRAXIS PRECISION MEDICINES INC
RGTI,RIGETTI COMPUTING INC
MOD,MODINE MANUFACTURING
ORA,ORMAT TECH INC
JXN,JACKSON FINANCIAL INC CLASS A
CADE,CADENCE BANK
CYTK,CYTOKINETICS INC
HQY,HEALTHEQUITY INC
FLR,FLUOR CORP
EAT,BRINKER INTERNATIONAL INC
IBP,INSTALLED BUILDING PRODUCTS INC
KRYS,KRYSTAL BIOTECH INC
ZWS,ZURN ELKAY WATER SOLUTIONS CORP
SMTC,SEMTECH CORP
JOBY,JOBY AVIATION INC CLASS A
GKOS,GLAUKOS CORP
FSS,FEDERAL SIGNAL CORP
FCFS,FIRSTCASH HOLDINGS INC
CWAN,CLEARWATER ANALYTICS HOLDINGS INC
CWST,CASELLA WASTE SYSTEMS INC CLASS A
PIPR,PIPER SANDLER COMPANIES
GATX,GATX CORP
FORM,FORMFACTOR INC
ENS,ENERSYS
TRNO,TERRENO REALTY REIT CORP
MIR,MIRION TECHNOLOGIES INC CLASS A
GBCI,GLACIER BANCORP INC
PL,PLANET LABS CLASS A
UFPI,UFP INDUSTRIES INC
TMHC,TAYLOR MORRISON HOME CORP
EPRT,ESSENTIAL PROPERTIES REALTY TRUST
BOOT,BOOT BARN HOLDINGS INC
VLY,VALLEY NATIONAL
TXNM,TXNM ENERGY INC
UBSI,UNITED BANKSHARES INC
RIOT,RIOT PLATFORMS INC
HWC,HANCOCK WHITNEY CORP
RHP,RYMAN HOSPITALITY PROPERTIES REIT
HIMS,HIMS HERS HEALTH INC CLASS A
ESE,ESCO TECHNOLOGIES INC
PTCT,PTC THERAPEUTICS INC
ESNT,ESSENT GROUP LTD
OPCH,OPTION CARE HEALTH INC
CIFR,CIPHER MINING INC
PCVX,VAXCYTE INC
AUB,ATLANTIC UNION BANKSHARES CORP
POR,PORTLAND GENERAL ELECTRIC
ACA,ARCOSA INC
HOMB,HOME BANCSHARES INC
HUT,HUT CORP
RYTM,RHYTHM PHARMACEUTICALS INC
SWX,SOUTHWEST GAS HOLDINGS INC
ABCB,AMERIS BANCORP
MMS,MAXIMUS INC
COGT,COGENT BIOSCIENCES INC
BCPC,BALCHEM CORP
BIPC,BROOKFIELD INFRASTRUCTURE CORP CLA
ALKS,ALKERMES
NUVL,NUVALENT INC CLASS A
CVCO,CAVCO INDUSTRIES INC
BKH,BLACK HILLS CORP
EOSE,EOS ENERGY ENTERPRISES INC CLASS A
SNEX,STONEX GROUP INC
SKY,CHAMPION HOMES INC
CRNX,CRINETICS PHARMACEUTICALS INC
HRI,HERC HOLDINGS INC
CSW,CSW INDUSTRIALS INC
GVA,GRANITE CONSTRUCTION INC
ACHR,ARCHER AVIATION INC CLASS A
CVLT,COMMVAULT SYSTEMS INC
AGX,ARGAN INC
CORZ,CORE SCIENTIFIC INC
BCO,BRINKS
STEP,STEPSTONE GROUP INC CLASS A
MTH,MERITAGE CORP
VSAT,VIASAT INC
AX,AXOS FINANCIAL INC
ROAD,CONSTRUCTION PARTNERS INC CLASS A
IRTC,IRHYTHM HOLDINGS
KRG,KITE REALTY GROUP TRUST REIT
HCC,WARRIOR MET COAL INC
MRCY,MERCURY SYSTEMS INC
LMND,LEMONADE INC
CNR,CORE NATURAL RESOURCES INC
UUUU,ENERGY FUELS INC
LEU,CENTRUS ENERGY CORP CLASS A
NOVT,NOVANTA INC
SIGI,SELECTIVE INSURANCE GROUP INC
BMI,BADGER METER INC
NPO,ENPRO INC
GPI,GROUP AUTOMOTIVE INC
SLAB,SILICON LABORATORIES INC
VSEC,VSE CORP
SR,SPIRE INC
ABG,ASBURY AUTOMOTIVE GROUP INC
RDNT,RADNET INC
MATX,MATSON INC
MMSI,MERIT MEDICAL SYSTEMS INC
PLXS,PLEXUS CORP
CNX,CNX RESOURCES CORP
PTGX,PROTAGONIST THERAPEUTICS INC
NJR,NEW JERSEY RESOURCES CORP
QLYS,QUALYS INC
AROC,ARCHROCK INC
MAC,MACERICH REIT
ATMU,ATMUS FILTRATION TECHNOLOGIES INC
CRSP,CRISPR THERAPEUTICS AG
BTU,PEABODY ENERGY CORP
OGS,ONE GAS INC
REZI,RESIDEO TECHNOLOGIES INC
SSRM,SSR MINING INC
TCBI,TEXAS CAPITAL BANCSHARES INC
OSIS,OSI SYSTEMS INC
BDC,BELDEN INC
ASB,ASSOCIATED BANCORP
LAUR,LAUREATE EDUCATION INC
SBRA,SABRA HEALTH CARE REIT INC
ANF,ABERCROMBIE AND FITCH CLASS A
KNF,KNIFE RIVER CORP
TGTX,TG THERAPEUTICS INC
RDN,RADIAN GROUP INC
PECO,PHILLIPS EDISON AND COMPANY INC
MC,MOELIS CLASS A
FFIN,FIRST FINANCIAL BANKSHARES INC
SFBS,SERVISFIRST BANCSHARES INC
PI,IMPINJ INC
VSCO,VICTORIA S SECRET
EBC,EASTERN BANKSHARES INC
ITRI,ITRON INC
TMDX,TRANSMEDICS GROUP INC
PJT,PJT PARTNERS INC CLASS A
ACIW,ACI WORLDWIDE INC
PFSI,PENNYMAC FINANCIAL SERVICES INC
LNTH,LANTHEUS HOLDINGS INC
FTDR,FRONTDOOR INC
URBN,URBAN OUTFITTERS INC
BTSG,BRIGHTSPRING HEALTH SERVICES INC
TDS,TELEPHONE AND DATA SYSTEMS INC
ATGE,ADTALEM GLOBAL EDUCATION INC
PATK,PATRICK INDUSTRIES INC
IESC,IES INC
RIG,TRANSOCEAN LTD
MGY,MAGNOLIA OIL GAS CORP CLASS A
MUR,MURPHY OIL CORP
NE,NOBLE CORPORATION PLC
FOLD,AMICUS THERAPEUTICS INC
VIAV,VIAVI SOLUTIONS INC
NWE,NORTHWESTERN ENERGY GROUP INC
UCB,UNITED COMMUNITY BANKS INC
LTH,LIFE TIME GROUP HOLDINGS INC
HASI,HA SUSTAINABLE INFRASTRUCTURE CAPI
AIR,AAR CORP
AEO,AMERICAN EAGLE OUTFITTERS INC
SKYW,SKYWEST INC
MWA,MUELLER WATER PRODUCTS INC SERIES
SXT,SENSIENT TECHNOLOGIES CORP
IRT,INDEPENDENCE REALTY INC TRUST
QTWO,Q2 HOLDINGS INC
CNO,CNO FINANCIAL GROUP INC
FLG,FLAGSTAR BANK NATIONAL ASSOCIATION
POWL,POWELL INDUSTRIES INC
ADMA,ADMA BIOLOGICS INC
WK,WORKIVA INC CLASS A
INDV,INDIVIOR PLC
KYMR,KYMERA THERAPEUTICS INC
RUN,SUNRUN INC
WULF,TERAWULF INC
INDB,INDEPENDENT BANK CORP
SOUN,SOUNDHOUND AI INC CLASS A
IBOC,INTERNATIONAL BANCSHARES CORP
MYRG,MYR GROUP INC
RUSHA,RUSH ENTERPRISES INC CLASS A
VISN,VISTANCE NETWORKS INC
ALHC,ALIGNMENT HEALTHCARE INC
MARA,MARA HOLDINGS INC
PRM,PERIMETER SOLUTIONS INC
UPST,UPSTART HOLDINGS INC
GLNG,GOLAR LNG LTD
TEX,TEREX CORP
KBH,KB HOME
CBT,CABOT CORP
ASO,ACADEMY SPORTS AND OUTDOORS INC
LGND,LIGAND PHARMACEUTICALS INC
WHD,CACTUS INC CLASS A
ZETA,ZETA GLOBAL HOLDINGS CORP CLASS A
FELE,FRANKLIN ELECTRIC INC
GHC,GRAHAM HOLDINGS COMPANY CLASS B
KAI,KADANT INC
ENVA,ENOVA INTERNATIONAL INC
VRNS,VARONIS SYSTEMS INC
MIRM,MIRUM PHARMACEUTICALS INC
NHI,NATIONAL HEALTH INVESTORS REIT INC
SRRK,SCHOLAR ROCK HOLDING CORP
OUT,OUTFRONT MEDIA INC
SIG,SIGNET JEWELERS LTD
EXPO,EXPONENT INC
STNE,STONECO LTD CLASS A
ICUI,ICU MEDICAL INC
BKU,BANKUNITED INC
PSMT,PRICESMART INC
AZZ,AZZ INC
SKT,TANGER INC
PII,POLARIS INC
VICR,VICOR CORP
RNST,RENASANT CORP
FULT,FULTON FINANCIAL CORP
SHAK,SHAKE SHACK INC CLASS A
BOX,BOX INC CLASS A
MHO,M I HOMES INC
CRC,CALIFORNIA RESOURCES CORP
LCII,LCI INDUSTRIES
KFY,KORN FERRY
BNL,BROADSTONE NET LEASE INC
DAN,DANA INCORPORATED INC
CLSK,CLEANSPARK INC
GRAL,GRAIL INC
VRRM,VERRA MOBILITY CORP CLASS A
PCH,POTLATCHDELTIC CORP
DORM,DORMAN PRODUCTS INC
CALM,CAL MAINE FOODS INC
FIBK,FIRST INTERSTATE BANCSYSTEM INC
CATY,CATHAY GENERAL BANCORP
FBP,FIRST BANCORP
DOCN,DIGITALOCEAN HOLDINGS INC
CDP,COPT DEFENSE PROPERTIES
SPSC,SPS COMMERCE INC
SYNA,SYNAPTICS INC
OTTR,OTTER TAIL CORP
LIVN,LIVANOVA PLC
CELC,CELCUITY INC
VAL,VALARIS LTD
WSBC,WESBANCO INC
PLMR,PALOMAR HOLDINGS INC
CBU,COMMUNITY FINANCIAL SYSTEM INC
WSFS,WSFS FINANCIAL CORP
CALX,CALIX NETWORKS INC
SLG,SL GREEN REALTY REIT CORP
AVNT,AVIENT CORP
VCYT,VERACYTE INC
HAE,HAEMONETICS CORP
MZTI,MARZETTI
TPC,TUTOR PERINI CORP
LBRT,LIBERTY ENERGY INC CLASS A
KGS,KODIAK GAS SERVICES INC
ACAD,ACADIA PHARMACEUTICALS INC
BGC,BGC GROUP INC CLASS A
KTB,KONTOOR BRANDS INC
REVG,REV GROUP INC
PBH,PRESTIGE CONSUMER HEALTHCARE INC
GFF,GRIFFON CORP
WAY,WAYSTAR HOLDING CORP
AVA,AVISTA CORP
SHOO,STEVEN MADDEN LTD
OPLN,OPENLANE INC
GNW,GENWORTH FINANCIAL INC
FUL,HB FULLER
BCC,BOISE CASCADE
HP,HELMERICH & PAYNE INC
CGON,CG ONCOLOGY INC
CSTM,CONSTELLIUM SE CLASS A
TERN,TERNS PHARMACEUTICALS INC
APGE,APOGEE THERAPEUTICS INC
BXMT,BLACKSTONE MORTGAGE TRUST REIT CLA
GPOR,GULFPORT ENERGY CORP
VCTR,VICTORY CAPITAL HOLDINGS CLASS A I
XENE,XENON PHARMACEUTICALS INC
USD,USD CASH
GSAT,GLOBALSTAR VOTING INC
MTRN,MATERION CORP
TGNA,TEGNA INC
RRR,RED ROCK RESORTS ORS CLASS A INC
LRN,STRIDE INC
SBCF,SEACOAST BANKING OF FLORIDA
KLIC,KULICKE AND SOFFA INDUSTRIES INC
OSCR,OSCAR HEALTH INC CLASS A
NG,NOVAGOLD RESOURCES INC
HNI,HNI CORP
SFNC,SIMMONS FIRST NATIONAL CORP CLASS
UNF,UNIFIRST CORP
NMIH,NMI HOLDINGS INC
ITGR,INTEGER HOLDINGS CORP
HURN,HURON CONSULTING GROUP INC
HWKN,HAWKINS INC
TBBK,BANCORP INC
YOU,CLEAR SECURE INC CLASS A
TPH,TRI POINTE HOMES INC
BEAM,BEAM THERAPEUTICS INC
LXP,LXP INDUSTRIAL TRUST
SXI,STANDEX INTERNATIONAL CORP
MGEE,MGE ENERGY INC
ARQT,ARCUTIS BIOTHERAPEUTICS INC
GTX,GARRETT MOTION INC
TDW,TIDEWATER INC
CPK,CHESAPEAKE UTILITIES CORP
BKD,BROOKDALE SENIOR LIVING INC
CPRI,CAPRI HOLDINGS LTD
BOH,BANK OF HAWAII CORP
ACLS,AXCELIS TECHNOLOGIES INC
FFBC,FIRST FINANCIAL BANCORP
HUBG,HUB GROUP INC CLASS A
IDYA,IDEAYA BIOSCIENCES INC
APLE,APPLE HOSPITALITY REIT INC
HGV,HILTON GRAND VACATIONS INC
OII,OCEANEERING INTERNATIONAL INC
AWR,AMERICAN STATES WATER
WDFC,WD-40
ABM,ABM INDUSTRIES INC
APAM,ARTISAN PARTNERS ASSET MANAGEMENT
TARS,TARSUS PHARMACEUTICALS INC
CARG,CARGURUS INC CLASS A
NATL,NCR ATLEOS CORP
CAKE,CHEESECAKE FACTORY INC
CPRX,CATALYST PHARMACEUTICALS INC
AMBA,AMBARELLA INC
AGYS,AGILYSYS INC
CVBF,CVB FINANCIAL CORP
PBF,PBF ENERGY INC CLASS A
AMR,ALPHA METALLURGICAL RESOURCE INC
PRVA,PRIVIA HEALTH GROUP INC
AKR,ACADIA REALTY TRUST REIT
MGRC,MCGRATH RENT
BANC,BANC OF CALIFORNIA INC
AAP,ADVANCE AUTO PARTS INC
DIOD,DIODES INC
DBRG,DIGITALBRIDGE GROUP INC CLASS A
TENB,TENABLE HOLDINGS INC
TOWN,TOWNEBANK
ACMR,ACM RESEARCH CLASS A INC
BL,BLACKLINE INC
PPTA,PERPETUA RESOURCES CORP
PHIN,PHINIA INC
DNOW,DNOW INC
SUPN,SUPERNUS PHARMACEUTICALS INC
NMRK,NEWMARK GROUP INC CLASS A
CUBI,CUSTOMERS BANCORP INC
STNG,SCORPIO TANKERS INC
CWT,CALIFORNIA WATER SERVICE GROUP
XMTR,XOMETRY INC CLASS A
VC,VISTEON CORP
ADPT,ADAPTIVE BIOTECHNOLOGIES CORP
KMT,KENNAMETAL INC
TWST,TWIST BIOSCIENCE CORP
WRBY,WARBY PARKER INC CLASS A
SPHR,SPHERE ENTERTAINMENT CLASS A
WAFD,WAFD INC
GT,GOODYEAR TIRE & RUBBER
VRDN,VIRIDIAN THERAPEUTICS ORS INC
FBK,FB FINANCIAL CORP
GOLF,ACUSHNET HOLDINGS CORP
PTEN,PATTERSON UTI ENERGY INC
HE,HAWAIIAN ELECTRIC INDUSTRIES INC
LQDA,LIQUIDIA CORP
COCO,THE VITA COCO COMPANY INC
PFS,PROVIDENT FINANCIAL SERVICES INC
VERA,VERA THERAPEUTICS INC CLASS A
POWI,POWER INTEGRATIONS INC
CON,CONCENTRA GROUP HOLDINGS PARENT IN
TRMK,TRUSTMARK CORP
CENX,CENTURY ALUMINUM
RXO,RXO INC
PRK,PARK NATIONAL CORP
SMR,NUSCALE POWER CORP CLASS A
FCPT,FOUR CORNERS PROPERTY INC TRUST
CNK,CINEMARK HOLDINGS INC
UE,URBAN EDGE PROPERTIES
PLUG,PLUG POWER INC
JOE,ST JOE
TXG,10X GENOMICS INC CLASS A
BBAI,BIGBEAR.AI HOLDINGS INC
FBNC,FIRST BANCORP
BBT,BEACON FINANCIAL CORP
DNLI,DENALI THERAPEUTICS INC
ATKR,ATKORE INC
NGVT,INGEVITY CORP
CC,CHEMOURS
MCY,MERCURY GENERAL CORP
BANF,BANCFIRST CORP
UPWK,UPWORK INC
GEO,GEO GROUP INC
SDRL,SEADRILL LTD
SEI,SOLARIS OILFIELD INFRASTRUCTURE IN
NSIT,INSIGHT ENTERPRISES INC
RELY,REMITLY GLOBAL INC
CURB,CURBLINE PROPERTIES
CHEF,CHEFS WAREHOUSE INC
PLUS,EPLUS
IVT,INVENTRUST PROPERTIES CORP
ACLX,ARCELLX INC
MSGE,MADISON SQUARE GARDEN ENTERTAINMEN
LC,LENDINGCLUB CORP
QUBT,QUANTUM COMPUTING INC
ALRM,ALARM.COM HOLDINGS INC
OI,O I GLASS INC
NBTB,NBT BANCORP INC
TVTX,TRAVERE THERAPEUTICS INC
ATRO,ASTRONICS CORP
INSW,INTERNATIONAL SEAWAYS INC
IMNM,IMMUNOME INC
SYRE,SPYRE THERAPEUTICS INC
PTON,PELOTON INTERACTIVE CLASS A INC
BANR,BANNER CORP
FRME,FIRST MERCHANTS CORP
CWK,CUSHMAN AND WAKEFIELD LTD
AAOI,APPLIED OPTOELECTRONICS INC
OMCL,OMNICELL INC
VSH,VISHAY INTERTECHNOLOGY INC
NOG,NORTHERN OIL AND GAS INC
GRBK,GREEN BRICK PARTNERS INC
CSGS,CSG SYSTEMS INTERNATIONAL INC
FRSH,FRESHWORKS INC CLASS A
MRX,MAREX GROUP PLC
HI,HILLENBRAND INC
HLIO,HELIOS TECHNOLOGIES INC
TIC,TIC SOLUTIONS INC
CTRI,CENTURI HOLDINGS INC
CBZ,CBIZ INC
TRN,TRINITY INDUSTRIES INC
EPAC,ENERPAC TOOL GROUP CORP CLASS A
KWR,QUAKER HOUGHTON CORP
BUSE,FIRST BUSEY CORP
ADEA,ADEIA INC
NTB,BANK OF NT BUTTERFIELD & SON LTD
ASGN,ASGN INC
DYN,DYNE THERAPEUTICS INC
SM,SM ENERGY
NEOG,NEOGEN CORP
INTA,INTAPP INC
EFSC,ENTERPRISE FINANCIAL SERVICES CORP
PRDO,PERDOCEO EDUCATION CORP
BELFB,BEL FUSE INC CLASS B
KALU,KAISER ALUMINIUM CORP
LUNR,INTUITIVE MACHINES INC CLASS A
LASR,NLIGHT INC
GENI,GENIUS SPORTS LTD
OCUL,OCULAR THERAPEUTIX INC
EYE,NATIONAL VISION HOLDINGS INC
BULL,WEBULL CORP CLASS A
UCTT,ULTRA CLEAN HOLDINGS INC
ARCB,ARCBEST CORP
KN,KNOWLES CORP
MTX,MINERALS TECHNOLOGIES INC
BLKB,BLACKBAUD INC
WD,WALKER & DUNLOP INC
CXW,CORECIVIC REIT INC
AMRX,AMNEAL PHARMACEUTICALS INC CLASS A
PLAB,PHOTRONICS INC
DX,DYNEX CAPITAL REIT INC
ARR,ARMOUR RESIDENTIAL REIT INC
BRZE,BRAZE INC CLASS A
UNFI,UNITED NATURAL FOODS INC
ANDE,ANDERSONS INC
TPB,TURNING POINT BRANDS INC
CRGY,CRESCENT ENERGY CLASS A
CALY,CALLAWAY GOLF COMPANY
SLNO,SOLENO THERAPEUTICS INC
IBRX,IMMUNITYBIO INC
CRVL,CORVEL CORP
WERN,WERNER ENTERPRISES INC
EXTR,EXTREME NETWORKS INC
ATEC,ALPHATEC HOLDNGS INC
MGNI,MAGNITE INC
DRH,DIAMONDROCK HOSPITALITY
QDEL,QUIDELORTHO CORP
STRA,STRATEGIC EDUCATION INC
OSW,ONESPAWORLD HOLDINGS LTD
UFPT,UFP TECHNOLOGIES INC
NTCT,NETSCOUT SYSTEMS INC
IOSP,INNOSPEC INC
ADUS,ADDUS HOMECARE CORP
EWTX,EDGEWISE THERAPEUTICS INC
HLMN,HILLMAN SOLUTIONS CORP
ALG,ALAMO GROUP INC
CECO,CECO ENVIRONMENTAL CORP
VECO,VEECO INSTRUMENTS INC
KSS,KOHLS CORP
SMPL,THE SIMPLY GOOD FOODS COMPANY
BUR,BURFORD CAPITAL LTD
LION,LIONSGATE STUDIOS CORP
CNS,COHEN & STEERS INC
WT,WISDOMTREE INC
DAVE,DAVE INC CLASS A
OFG,OFG BANCORP
NIC,NICOLET BANKSHARES INC
GNL,GLOBAL NET LEASE INC
AVDL,AVADEL PHARMACEUTICALS ORD
EVTC,EVERTEC INC
NWN,NORTHWEST NATURAL HOLDING COMPANY
FCF,FIRST COMMONWEALTH FINANCIAL CORP
IE,IVANHOE ELECTRIC INC
WGS,GENEDX HOLDINGS CORP CLASS A
ARDX,ARDELYX INC
MD,PEDIATRIX MEDICAL GROUP INC
NRIX,NURIX THERAPEUTICS INC
PGNY,PROGYNY INC
ATRC,ATRICURE INC
PAGS,PAGSEGURO DIGITAL LTD CLASS A
VCEL,VERICEL CORP
TNET,TRINET GROUP INCINARY
SONO,SONOS INC
PARR,PAR PACIFIC HOLDINGS INC
NWBI,NORTHWEST BANCSHARES INC
IRON,DISC MEDICINE INC
AORT,ARTIVION INC
BWIN,BALDWIN INSURANCE GROUP INC CLASS
SYBT,STOCK YARDS BANCORP INC
STC,STEWART INFO SERVICES CORP
HMN,HORACE MANN EDUCATORS CORP
BHE,BENCHMARK ELECTRONICS INC
HCI,HCI GROUP INC
CASH,PATHWARD FINANCIAL INC
IMVT,IMMUNOVANT INC
WLDN,WILLDAN GROUP INC
NHC,NATIONAL HEALTHCARE CORP
AVPT,AVEPOINT INC CLASS A
ADNT,ADIENT PLC
GEF,GREIF INC CLASS A
PRGS,PROGRESS SOFTWARE CORP
INOD,INNODATA INC
ROG,ROGERS CORP
TILE,INTERFACE INC
RCUS,ARCUS BIOSCIENCES INC
CCS,CENTURY COMMUNITIES INC
DHT,DHT HOLDINGS INC
LMAT,LEMAITRE VASCULAR INC
HLF,HERBALIFE LTD
CRK,COMSTOCK RESOURCES INC
LGN,LEGENCE CORP CLASS A
SLVM,SYLVAMO CORP
DBD,DIEBOLD NIXDORF INC
AUPH,AURINIA PHARMACEUTICALS INC
RXRX,RECURSION PHARMACEUTICALS INC CLAS
ICFI,ICF INTERNATIONAL INC
ERAS,ERASCA INC
SNDX,SYNDAX PHARMACEUTICALS INC
BFH,BREAD FINANCIAL HOLDINGS INC
BATRK,ATLANTA BRAVES HOLDINGS INC SERIES
BKE,BUCKLE INC
KNTK,KINETIK HOLDINGS INC CLASS A
HTO,H2O AMERICA
MNKD,MANNKIND CORP
YELP,YELP INC
SHO,SUNSTONE HOTEL INVESTORS REIT INC
CHCO,CITY HOLDING
LTC,LTC PROPERTIES REIT INC
CLDX,CELLDEX THERAPEUTICS INC
RSI,RUSH STREET INTERACTIVE INC CLASS
NSP,INSPERITY INC
WOR,WORTHINGTON ENTERPRISES INC
AIN,ALBANY INTERNATIONAL CORP CLASS A
FLNC,FLUENCE ENERGY INC CLASS A
DK,DELEK US HOLDINGS INC
IPAR,INTERPARFUMS INC
USAR,USA RARE EARTH INC CLASS A
LEG,LEGGETT & PLATT INC
FUN,SIX FLAGS ENTERTAINMENT CORP
REAL,THE REALREAL INC
SEM,SELECT MEDICAL HOLDINGS CORP
DXPE,DXP ENTERPRISES INC
PRCT,PROCEPT BIOROBOTICS CORP
HTH,HILLTOP HOLDINGS INC
AZTA,AZENTA INC
VAC,MARRIOTT VACATIONS WORLDWIDE CORP
MBC,MASTERBRAND INC
MXL,MAXLINEAR INC
LZB,LA-Z-BOY INC
JBLU,JETBLUE AIRWAYS CORP
AGM,FEDERAL AGRICULTURAL MORTGAGE NON
NBHC,NATIONAL BANK HOLDINGS CORP CLASS
GTY,GETTY REALTY REIT CORP
NEO,NEOGENOMICS INC
SKWD,SKYWARD SPECIALTY INSURANCE GROUP
GSHD,GOOSEHEAD INSURANCE INC CLASS A
MQ,MARQETA INC CLASS A
STBA,S AND T BANCORP INC
WVE,WAVE LIFE SCIENCES LTD
RAMP,LIVERAMP HOLDINGS INC
TFIN,TRIUMPH FINANCIAL INC
IMAX,IMAX CORP
HRMY,HARMONY BIOSCIENCES HLDG INC
DFTX,DEFINIUM THERAPEUTICS INC
SBH,SALLY BEAUTY HOLDINGS INC
RCAT,RED CAT HOLDINGS INC
TCBK,TRICO BANCSHARES
DCO,DUCOMMUN INC
PACS,PACS GROUP INC
FLYW,FLYWIRE CORP
AI,C3 AI INC CLASS A
ZD,ZIFF DAVIS INC
STEL,STELLAR BANCORP INC
DGII,DIGI INTERNATIONAL INC
OLMA,OLEMA PHARMACEUTICALS INC
SPNT,SIRIUSPOINT LTD
DVAX,DYNAVAX TECHNOLOGIES CORP
VVX,V2X INC
SGHC,SUPER GROUP LTD
NVTS,NAVITAS SEMICONDUCTOR CORP
NTST,NETSTREIT CORP
BLBD,BLUE BIRD CORP
FTRE,FORTREA HOLDINGS INC
HOPE,HOPE BANCORP INC
ARRY,ARRAY TECHNOLOGIES INC
ANIP,ANI PHARMACEUTICALS INC
WWW,WOLVERINE WORLD WIDE INC
PAYO,PAYONEER GLOBAL INC
SPB,SPECTRUM BRANDS HOLDINGS INC
TRIP,TRIPADVISOR INC
NNI,NELNET INC CLASS A
AGIO,AGIOS PHARMACEUTICALS INC
GBX,GREENBRIER INC
ALEX,ALEXANDER AND BALDWIN INC
SHLS,SHOALS TECHNOLOGIES GROUP INC CLAS
LKFN,LAKELAND FINANCIAL CORP
ALMS,ALUMIS INC
QCRH,QCR HOLDINGS INC
PEB,PEBBLEBROOK HOTEL TRUST REIT
AAMI,ACADIAN ASSET MANAGEMENT INC
TALO,TALOS ENERGY INC
HROW,HARROW INC
AMLX,AMYLYX PHARMACEUTICALS INC
GABC,GERMAN AMERICAN BANCORP INC
TNK,TEEKAY TANKERS LTD CLASS A
NUVB,NUVATION BIO INC CLASS A
XHR,XENIA HOTELS RESORTS REIT INC
CMPO,COMPOSECURE INC CLASS A
JJSF,J AND J SNACK FOODS CORP
NVAX,NOVAVAX INC
COLL,COLLEGIUM PHARMACEUTICAL INC
CCB,COASTAL FINANCIAL CORP
PCT,PURECYCLE TECHNOLOGIES INC
BRSL,BRIGHTSTAR LOTTERY PLC
MLYS,MINERALYS THERAPEUTICS INC
AXGN,AXOGEN INC
VYX,NCR VOYIX CORP
TTI,TETRA TECHNOLOGIES INC
NTLA,INTELLIA THERAPEUTICS INC
TWO,TWO HARBORS INVESTMENT CORP
NN,NEXTNAV INC
XPRO,EXPRO GROUP HOLDINGS NV
TNC,TENNANT
CLMT,CALUMET INC
ROCK,GIBRALTAR INDUSTRIES INC
WKC,WORLD KINECT CORP
NVRI,ENVIRI CORP
CENTA,CENTRAL GARDEN AND PET CLASS A
ARI,APOLLO COMMERCIAL REAL ESTATE FINA
TGLS,TECNOGLASS INC
CTS,CTS CORP
ACVA,ACV AUCTIONS INC CLASS A
IIPR,INNOVATIVE INDUSTRIAL PROPERTIES I
LOB,LIVE OAK BANCSHARES INC
DEI,DOUGLAS EMMETT REIT INC
TNDM,TANDEM DIABETES CARE INC
BTDR,BITDEER TECHNOLOGIES GROUP CLASS A
BCRX,BIOCRYST PHARMACEUTICALS INC
CMPR,CIMPRESS PLC
XPEL,XPEL INC
DFIN,DONNELLEY FINANCIAL SOLUTIONS INC
AMSC,AMERICAN SUPERCONDUCTOR CORP
THR,THERMON GROUP HOLDINGS INC
NNE,NANO NUCLEAR ENERGY INC
OUST,OUSTER INC
NVCR,NOVOCURE LTD
CNOB,CONNECTONE BANCORP INC
PWP,PERELLA WEINBERG PARTNERS CLASS A
MLKN,MILLERKNOLL INC
USLM,UNITED STATES LIME AND MINERALS IN
CRAI,CRA INTERNATIONAL INC
ARLO,ARLO TECHNOLOGIES INC
ENOV,ENOVIS CORP
FIVN,FIVE9 INC
CRI,CARTERS INC
ALKT,ALKAMI TECHNOLOGY INC
SILA,SILA RLTY TR INC TRUST
LNN,LINDSAY CORP
COHU,COHU INC
LADR,LADDER CAPITAL CORP CLASS A
HCSG,HEALTHCARE SERVICES GROUP INC
DHC,DIVERSIFIED HEALTHCARE TRUST
DCOM,DIME COMMUNITY BANCSHARES INC
PAR,PAR TECHNOLOGY CORP
EFC,ELLINGTON FINANCIAL INC
UVV,UNIVERSAL CORP
PRG,PROG HOLDINGS INC
ORKA,ORUKA THERAPEUTICS INC
STOK,STOKE THERAPEUTICS INC
WS,WORTHINGTON STEEL INC
NSSC,NAPCO SECURITY TECHNOLOGIES INC
TNGX,TANGO THERAPEUTICS INC
BLX,BANCO LATINOAMERICANO DE COMERCIO
WGO,WINNEBAGO INDUSTRIES INC
PRLB,PROTO LABS INC
VERX,VERTEX INC CLASS A
ABR,ARBOR REALTY TRUST REIT INC
WINA,WINMARK CORP
ALGT,ALLEGIANT TRAVEL
UTI,UNIVERSAL TECHNICAL INSTITUTE INC
UMH,UMH PROPERTIES INC
UNIT,UNITI GROUP INC
USPH,US PHYSICAL THERAPY INC
CNMD,CONMED CORP
WLY,JOHN WILEY AND SONS INC CLASS A
SRCE,1ST SOURCE CORP
ECPG,ENCORE CAPITAL GROUP INC
CRVS,CORVUS PHARMACEUTICALS INC
OBK,ORIGIN BANCORP INC
ENVX,ENOVIX CORP
HG,HAMILTON INSURANCE GROUP LTD CLASS
CDRE,CADRE HOLDINGS INC
FDP,FRESH DEL MONTE PRODUCE INC
DOLE,DOLE PLC
ENR,ENERGIZER HOLDINGS INC
ECVT,ECOVYST INC
FSLY,FASTLY INC CLASS A
AMPX,AMPRIUS TECHNOLOGIES INC
WABC,WESTAMERICA BANCORPORATION
PZZA,PAPA JOHNS INTERNATIONAL INC
PRA,PROASSURANCE CORP
THS,TREEHOUSE FOODS INC
BFC,BANK FIRST CORP
ATEN,A10 NETWORKS INC
NESR,NATIONAL ENERGY SERVICES REUNITED
RVLV,REVOLVE GROUP CLASS A INC
INVA,INNOVIVA INC
KW,KENNEDY WILSON HOLDINGS INC
ORC,ORCHID ISLAND CAPITAL INC
PMT,PENNYMAC MORTGAGE INVESTMENT TRUST
BHVN,BIOHAVEN LTD
LFST,LIFESTANCE HEALTH GROUP INC
SGRY,SURGERY PARTNERS INC
ZYME,ZYMEWORKS INC
TRUP,TRUPANION INC
ACT,ENACT HOLDINGS INC
VTOL,BRISTOW GROUP INC
DNTH,DIANTHUS THERAPEUTICS INC
EYPT,EYEPOINT INC
PEBO,PEOPLES BANCORP INC
MBX,MBX BIOSCIENCES INC
XERS,XERIS BIOPHARMA HOLDINGS INC
CSTL,CASTLE BIOSCIENCES INC
WTTR,SELECT WATER SOLUTIONS INC CLASS A
BORR,BORR DRILLING LTD
CCOI,COGENT COMMUNICATIONS HOLDINGS INC
HLIT,HARMONIC INC
VRE,VERIS RESIDENTIAL INC
NPKI,NPK INTERNATIONAL INC
PAX,PATRIA INVESTMENTS LTD CLASS A
MCRI,MONARCH CASINO AND RESORT INC
ASTE,ASTEC INDUSTRIES INC
GLUE,MONTE ROSA THERAPEUTICS INC
SCL,STEPAN
THRM,GENTHERM INC
PDFS,PDF SOLUTIONS INC
FA,FIRST ADVANTAGE CORP
ICHR,ICHOR HOLDINGS LTD
RLJ,RLJ LODGING TRUST REIT
APPN,APPIAN CORP CLASS A
SAFT,SAFETY INSURANCE GROUP INC
PBI,PITNEY BOWES INC
VRTS,VIRTUS INVESTMENT PARTNERS INC
OCFC,OCEANFIRST FINANCIAL CORP
TDOC,TELADOC HEALTH INC
PGY,PAGAYA TECHNOLOGIES LTD CLASS A
TRS,TRIMAS CORP
DLX,DELUXE CORP
LIF,LIFE360 INC
FIHL,FIDELIS INSURANCE HOLDINGS LTD
GRC,GORMAN-RUPP
LGIH,LGI HOMES INC
OSBC,OLD SECOND BANCORP INC
SEZL,SEZZLE INC
CDNA,CAREDX INC
CIM,CHIMERA INVESTMENT CORP
CSR,CENTERSPACE
GIII,G III APPAREL GROUP LTD
ASTH,ASTRANA HEALTH INC
TMP,TOMPKINS FINANCIAL CORP
UAMY,UNITED STATES ANTIMONY CORP
AHCO,ADAPTHEALTH CORP
LZ,LEGALZOOM COM INC
PENG,PENGUIN SOLUTIONS INC
PDM,PIEDMONT REALTY TRUST INC CLASS A
CLOV,CLOVER HEALTH INVESTMENTS CORP CLA
TSHA,TAYSHA GENE THERAPIES INC
MFA,MFA FINANCIAL INC
ELVN,ENLIVEN THERAPEUTICS INC
RLAY,RELAY THERAPEUTICS INC
LPG,DORIAN LPG LTD
JBGS,JBG SMITH PROPERTIES
HLX,HELIX ENERGY SOLUTIONS GROUP INC
BLFS,BIOLIFE SOLUTIONS INC
PRKS,UNITED PARKS AND RESORTS INC
CTBI,COMMUNITY TRUST BANCORP INC
EIG,EMPLOYERS HOLDINGS INC
TE,T1 ENERGY INC
UPB,UPSTREAM BIO INC
SMA,SMARTSTOP SELF STORAGE REIT INC
SKYT,SKYWATER TECHNOLOGY INC
FIGS,FIGS INC CLASS A
AMRC,AMERESCO INC CLASS A
UVSP,UNIVEST FINANCIAL CORP
STAA,STAAR SURGICAL
BY,BYLINE BANCORP INC
IMKTA,INGLES MARKETS INC CLASS A
UPBD,UPBOUND GROUP INC
FG,F&G ANNUITIES AND LIFE INC
MIAX,MIAMI INTERNATIONAL HOLDINGS INC
REX,REX AMERICAN RESOURCES CORP
PNTG,PENNANT GROUP INC
JAMF,JAMF HOLDING CORP
SFL,SFL LTD
AAT,AMERICAN ASSETS TRUST REIT INC
SBSI,SOUTHSIDE BANCSHARES INC
AXL,AMERICAN AXLE AND MANUFACTURING HO
INVX,INNOVEX INTERNATIONAL INC
GBTG,GLOBAL BUSINESS TRAVEL GROUP INC C
GLDD,GREAT LAKES DREDGE AND DOCK CORP
DEA,EASTERLY GOVERNMENT PROPERTIES INC
GCT,GIGACLOUD TECHNOLOGY INC CLASS A
BV,BRIGHTVIEW HOLDINGS INC
FMBH,FIRST MID BANCSHARES INC
LILAK,LIBERTY LATIN AMERICA LTD CLASS C
MSEX,MIDDLESEX WATER
JBI,JANUS INTERNATIONAL GROUP INC
METC,RAMACO RESOURCES INC CLASS A
SAH,SONIC AUTOMOTIVE INC CLASS A
PD,PAGERDUTY INC
ESRT,EMPIRE STATE REALTY REIT INC TRUST
AMPH,AMPHASTAR PHARMACEUTICALS INC
EVLV,EVOLV TECHNOLOGIES HOLDINGS INC CL
MBIN,MERCHANTS BANCORP
VITL,VITAL FARMS INC
DAWN,DAY ONE BIOPHARMACEUTICALS INC
ALH,ALLIANCE LAUNDRY HOLDINGS INC
SCSC,SCANSOURCE INC
NBR,NABORS INDUSTRIES LTD
DRVN,DRIVEN BRANDS HOLDINGS INC
CAPR,CAPRICOR THERAPEUTICS INC
TRVI,TREVI THERAPEUTICS INC
WMK,WEIS MARKETS INC
SNCY,SUN COUNTRY AIRLINES HOLDINGS INC
MAZE,MAZE THERAPEUTICS INC
ASAN,ASANA INC CLASS A
PLYM,PLYMOUTH INDUSTRIAL REIT INC
BBSI,BARRETT BUSINESS SERVICES INC
SDGR,SCHRODINGER INC
XNCR,XENCOR INC
AMWD,AMERICAN WOODMARK CORP
CLB,CORE LABORATORIES INC
HFWA,HERITAGE FINANCIAL CORP
BJRI,BJS RESTAURANTS INC
FWRG,FIRST WATCH RESTAURANT GROUP INC
COUR,COURSERA INC
GO,GROCERY OUTLET HOLDING CORP
RHLD,RESOLUTE HOLDINGS MANAGEMENT INC
AMPL,AMPLITUDE INC CLASS A
ALNT,ALLIENT INC
AESI,ATLAS ENERGY SOLUTIONS INC
PCRX,PACIRA BIOSCIENCES INC
NAVI,NAVIENT CORP
PUMP,PROPETRO HOLDING CORP
HAFC,HANMI FINANCIAL CORP
NBN,NORTHEAST BANK
PHR,PHREESIA INC
HBNC,HORIZON BANCORP INC
KOD,KODIAK SCIENCES INC
BHRB,BURKE HERBERT FINANCIAL SERVICES C
TRST,TRUSTCO BANK CORP
LMB,LIMBACH HOLDINGS INC
SOC,SABLE OFFSHORE CORP CLASS A
SVRA,SAVARA INC
AMAL,AMALGAMATED FINANCIAL CORP
MBWM,MERCANTILE BANK CORP
MCB,METROPOLITAN BANK HOLDING CORP
NX,QUANEX BUILDING PRODUCTS CORP
EPC,EDGEWELL PERSONAL CARE
ANAB,ANAPTYSBIO INC
CFFN,CAPITOL FEDERAL FINANCIAL INC
FUBO,FUBOTV INC CLASS A
BFLY,BUTTERFLY NETWORK INC CLASS A
SAFE,SAFEHOLD INC
PAHC,PHIBRO ANIMAL HEALTH CORP CLASS A
CWH,CAMPING WORLD HOLDINGS INC CLASS A
IRWD,IRONWOOD PHARMA INC CLASS A
FBRT,FRANKLIN BSP REALTY TRUST INC
UTL,UNITIL CORP
EXPI,EXP WORLD HOLDINGS INC
DAKT,DAKTRONICS INC
TDAY,USA TODAY INC
BBUC,BROOKFIELD BUSINESS CORP CLASS A
IRMD,IRADIMED CORP
INDI,INDIE SEMICONDUCTOR INC CLASS A
AEHR,AEHR TEST SYSTEMS
ROOT,ROOT INC CLASS A
SERV,SERVE ROBOTICS INC
SMP,STANDARD MOTOR PRODUCTS INC
APOG,APOGEE ENTERPRISES INC
NAT,NORDIC AMERICAN TANKERS LTD
EE,EXCELERATE ENERGY INC CLASS A
AMC,AMC ENTERTAINMENT HOLDINGS INC CLA
PLOW,DOUGLAS DYNAMICS INC
HTBK,HERITAGE COMMERCE CORP
ARVN,ARVINAS INC
DJCO,DAILY JOURNAL CORP
GOLD,GOLD INC
CMP,COMPASS MINERALS INTERNATIONAL INC
IART,INTEGRA LIFESCIENCES HOLDINGS CORP
FLNG,FLEX LNG LTD
CCNE,CNB FINANCIAL CORP
BFST,BUSINESS FIRST BANCSHARES INC
BBW,BUILD A BEAR WORKSHOP INC
RYI,RYERSON HOLDING CORP
MATW,MATTHEWS INTERNATIONAL CORP CLASS
FIZZ,NATIONAL BEVERAGE CORP
ORIC,ORIC PHARMACEUTICALS INC
QNST,QUINSTREET INC
RPD,RAPID7 INC
FOXF,FOX FACTORY HOLDING CORP
IDT,IDT CORP CLASS B
LINC,LINCOLN EDUCATIONAL SERVICES CORP
AMTB,AMERANT BANCORP INC CLASS A
SLDP,SOLID POWER INC CLASS A
GPRE,GREEN PLAINS INC
NBBK,NB BANCORP INC
OMER,OMEROS CORP
BKSY,BLACKSKY TECHNOLOGY INC CLASS A
PGEN,PRECIGEN INC
AIV,APARTMENT INVESTMENT AND MANAGEMEN
THFF,FIRST FINANCIAL CORPORATION CORP
DEC,DIVERSIFIED ENERGY COMPANY PLC
ESQ,ESQUIRE FINANCIAL HOLDINGS INC
BRSP,BRIGHTSPIRE CAPITAL INC CLASS A
YEXT,YEXT INC
CAC,CAMDEN NATIONAL CORP
SANA,SANA BIOTECHNOLOGY INC
CPF,CENTRAL PACIFIC FINANCIAL CORP
TBPH,THERAVANCE BIOPHARMA INC
UVE,UNIVERSAL INSURANCE HOLDINGS INC
CVI,CVR ENERGY INC
STGW,STAGWELL INC CLASS A
GHM,GRAHAM CORP
VSTS,VESTIS CORP
RWT,REDWOOD TRUST REIT INC
UFCS,UNITED FIRE GROUP INC
CMPX,COMPASS THERAPEUTICS
MYE,MYERS INDUSTRIES INC
IOVA,IOVANCE BIOTHERAPEUTICS INC
CXM,SPRINKLR INC CLASS A
EQBK,EQUITY BANCSHARES INC CLASS A
TYRA,TYRA BIOSCIENCES INC
KE,KIMBALL ELECTRONICS INC
UTZ,UTZ BRANDS INC CLASS A
TREE,LENDINGTREE INC
IBCP,INDEPENDENT BANK CORP
RDW,REDWIRE CORP
APEI,AMERICAN PUBLIC EDUCATION INC
MOFG,MIDWESTONE FINANCIAL GROUP INC
HTB,HOMETRUST BANCSHARES INC
MTUS,METALLUS INC
MEG,MONTROSE ENVIRONMENTAL GRP INC
MRTN,MARTEN TRANSPORT LTD
LQDT,LIQUIDITY SERVICES INC
CNNE,CANNAE HOLDINGS INC
PRSU,PURSUIT ATTRACTIONS AND HOSPITALIT
RAPP,RAPPORT THERAPEUTICS INC
PFBC,PREFERRED BANK
TROX,TRONOX HOLDINGS PLC
ERII,ENERGY RECOVERY INC
JBIO,JADE BIOSCIENCES INC
AMN,AMN HEALTHCARE INC
GERN,GERON CORP
CBRL,CRACKER BARREL OLD COUNTRY STORE I
SG,SWEETGREEN INC CLASS A
MSFUT,CASH COLLATERAL MSFUT USD
BTBT,BIT DIGITAL INC
ADAM,ADAMAS INC TRUST
EMBC,EMBECTA CORP
URGN,UROGEN PHARMA LTD
CMRE,COSTAMARE INC
MCHB,MECHANICS BANCORP CLASS A
AMSF,AMERISAFE INC
RGNX,REGENXBIO INC
SCHL,SCHOLASTIC CORP
EVER,EVERQUOTE INC CLASS A
PRCH,PORCH GROUP INC
ESPR,ESPERION THERAPEUTICS INC
ORRF,ORRSTOWN FINANCIAL SERVICES INC
KURA,KURA ONCOLOGY INC
IVR,INVESCO MORTGAGE CAPITAL REIT INC
ADTN,ADTRAN HOLDINGS INC
NXRT,NEXPOINT RESIDENTIAL TRUST INC
CBL,CBL ASSOCIATES PROPERTIES INC
CRML,CRITICAL METALS CORP
HTZ,HERTZ GLOBAL HLDGS INC
SXC,SUNCOKE ENERGY INC
NB,NIOCORP DEVELOPMENTS LTD
INBX,INHIBRX BIOSCIENCES INC
AIOT,POWERFLEET INC
ANNX,ANNEXON INC
AEVA,AEVA TECHNOLOGIES INC
EGBN,EAGLE BANCORP INC
CNXN,PC CONNECTION INC
PVLA,PALVELLA THERAPEUTICS INC
TCMD,TACTILE SYSTEMS TECHNOLOGY INC
MATV,MATIV HOLDINGS INC
BZH,BEAZER HOMES INC
CCBG,CAPITAL CITY BANK INC
ASPI,ASP ISOTOPES INC
ALIT,ALIGHT INC CLASS A
RIGL,RIGEL PHARMACEUTICALS INC
PACB,PACIFIC BIOSCIENCES OF CALIFORNIA
RUM,RUMBLE INC CLASS A
AVBP,ARRIVENT BIOPHARMA INC
TR,TOOTSIE ROLL INDUSTRIES INC
MMI,MARCUS & MILLICHAP INC
NEXT,NEXTDECADE CORP
RR,RICHTECH ROBOTICS INC CLASS B
PSIX,POWER SOLUTIONS INTERNATIONAL INC
WSR,WHITESTONE REIT
FSBC,FIVE STAR BANCORP
NRIM,NORTHRIM BANCORP INC
TRTX,TPG RE FINANCE TRUST INC
GDOT,GREEN DOT CORP CLASS A
MPB,MID PENN BANCORP INC
CARS,CARS.COM INC
SIBN,SI BONE INC
CTKB,CYTEK BIOSCIENCES INC
RBCAA,REPUBLIC BANCORP INC CLASS A
FISI,FINANCIAL INSTITUTIONS INC
GRDN,GUARDIAN PHARMACY SERVICES INC CLA
NWPX,NWPX INFRASTRUCTURE INC
SION,SIONNA THERAPEUTICS INC
BLMN,BLOOMIN BRANDS INC
RZLV,REZOLVE AI PLC
PRAA,PRA GROUP INC
SMBC,SOUTHERN MISSOURI BANCORP INC
MNRO,MONRO INC
FIP,FTAI INFRASTRUCTURE INC
HRTG,HERITAGE INSURANCE HOLDINGS INC
BBNX,BETA BIONICS INC
MDXG,MIMEDX GROUP INC
HNRG,HALLADOR ENERGY
HTFL,HEARTFLOW INC
AVAH,AVEANNA HEALTHCARE HOLDINGS INC
GNK,GENCO SHIPPING AND TRADING LTD
CGEM,CULLINAN THERAPEUTICS INC
ABUS,ARBUTUS BIOPHARMA CORP
KFRC,KFORCE INC
PLPC,PREFORMED LINE PRODUCTS
PX,P10 INC CLASS A
NPK,NATIONAL PRESTO INDUSTRIES INC
LIND,LINDBLAD EXPEDITIONS HOLDINGS INC
ZGN,ERMENEGILDO ZEGNA NV
MBUU,MALIBU BOATS CLASS A INC
VIR,VIR BIOTECHNOLOGY INC
BKV,BKV CORP
SPRY,ARS PHARMACEUTICALS INC
IIIN,INSTEEL INDUSTRIES INC
KOS,KOSMOS ENERGY LTD
CTLP,CANTALOUPE INC
SEMR,SEMRUSH HOLDINGS INC CLASS A
KALV,KALVISTA PHARMACEUTICALS INC
FLY,FIREFLY AEROSPACE INC
FWRD,FORWARD AIR CORP
AMBP,ARDAGH METAL PACKAGING SA
SHBI,SHORE BANCSHARES INC
GSM,FERROGLOBE PLC
EBS,EMERGENT BIOSOLUTIONS INC
AHL,ASPEN INSURANCE HOLDINGS LTD CLASS
HOV,HOVNANIAN ENTERPRISES INC CLASS A
GCMG,GCM GROSVENOR INC CLASS A
SMBK,SMARTFINANCIAL INC
SBGI,SINCLAIR INC CLASS A
CMCO,COLUMBUS MCKINNON CORP
CSV,CARRIAGE SERVICES INC
IDR,IDAHO STRATEGIC RESOURCES INC
EU,ENCORE ENERGY CORP
GDYN,GRID DYNAMICS HOLDINGS INC CLASS A
DFH,DREAM FINDERS HOMES INC CLASS A
BXC,BLUELINX HOLDINGS INC
MCW,MISTER CAR WASH INC
CBLL,CERIBELL INC
SFIX,STITCH FIX INC CLASS A
NTGR,NETGEAR INC
VREX,VAREX IMAGING CORP
PLAY,DAVE AND BUSTERS ENTERTAINMENT INC
AHH,ARMADA HOFFLER PROPERTIES REIT INC
JBSS,JOHN B SANFILIPPO AND SON INC
MCBS,METROCITY BANKSHARES INC
TRNS,TRANSCAT INC
SHEN,SHENANDOAH TELECOMMUNICATIONS
ACEL,ACCEL ENTERTAINMENT INC CLASS A
GSBC,GREAT SOUTHERN BANCORP INC
AROW,ARROW FINANCIAL CORP
WASH,WASHINGTON TRUST BANCORP INC
RES,RPC INC
ODC,OIL DRI CORPORATION OF AMERICA
IIIV,I3 VERTICALS INC CLASS A
FLGT,FULGENT GENETICS INC
AOSL,ALPHA AND OMEGA SEMICONDUCTOR LTD
MVST,MICROVAST HOLDINGS INC
DC,DAKOTA GOLD CORP
FCBC,FIRST COMMUNITY BANKSHARES INC
ETD,ETHAN ALLEN INTERIORS INC
OPK,OPKO HEALTH INC
JANX,JANUX THERAPEUTICS INC
CASS,CASS INFORMATION SYSTEMS INC
SLS,SELLAS LIFE SCIENCES GROUP INC
VPG,VISHAY PRECISION GROUP INC
APPS,DIGITAL TURBINE INC
RDVT,RED VIOLET INC
SEPN,SEPTERNA INC
DIN,DINE BRANDS GLOBAL INC
ALRS,ALERUS FINANCIAL CORP
CWCO,CONSOLIDATED WATER LTD
AVNS,AVANOS MEDICAL INC
AVO,MISSION PRODUCE INC
RYAM,RAYONIER ADVANCED MATERIALS INC
BLND,BLEND LABS INC CLASS A
SPFI,SOUTH PLAINS FINANCIAL INC
SD,SANDRIDGE ENERGY INC
KOP,KOPPERS HOLDINGS INC
NVGS,NAVIGATOR HOLDINGS LTD
BHB,BAR HARBOR BANKSHARES
SENEA,SENECA FOODS CORP CLASS A
CTO,CTO REALTY GROWTH INC
KROS,KEROS THERAPEUTICS INC
HZO,MARINEMAX INC
CEVA,CEVA INC
NRDS,NERDWALLET INC CLASS A
HIPO,HIPPO HOLDINGS INC
VTS,VITESSE ENERGY INC
CRMD,CORMEDIX INC
TALK,TALKSPACE INC
MAMA,MAMAS CREATIONS INC
NUS,NU SKIN ENTERPRISES INC CLASS A
LYTS,LSI INDUSTRIES INC
OXM,OXFORD INDUSTRIES INC
ARHS,ARHAUS INC CLASS A
OFIX,ORTHOFIX MEDICAL INC
PHAT,PHATHOM PHARMACEUTICALS INC
KOPN,KOPIN CORP
BCAX,BICARA THERAPEUTICS INC
CPS,COOPER STANDARD HOLDINGS INC
ALX,ALEXANDERS REIT INC
RUSHB,RUSH ENTERPRISES INC CLASS B
TDUP,THREDUP INC CLASS A
LXU,LSB INDUSTRIES INC
INN,SUMMIT HOTEL PROPERTIES REIT INC
MYGN,MYRIAD GENETICS INC
EHAB,ENHABIT INC
TK,TEEKAY CORPORATION CORP LTD
RGR,STURM RUGER INC
BDN,BRANDYWINE REALTY TRUST REIT
PKST,PEAKSTONE REALTY TRUST CLASS E
TCBX,THIRD COAST BANCSHARES INC
GDEN,GOLDEN ENTERTAINMENT INC
CYRX,CRYOPORT INC
GOSS,GOSSAMER BIO INC
NAVN,NAVAN INC CLASS A
AEBI,AEBI SCHMIDT HOLDING AG
ATXS,ASTRIA THERAPEUTICS INC
FMNB,FARMERS NATIONAL BANC CORP
UHT,UNIVERSAL HEALTH REALTY INCOME TRU
ZEUS,OLYMPIC STEEL INC
AIP,ARTERIS INC
ABAT,AMERICAN BATTERY TECHNOLOGY COMPAN
GOOD,GLADSTONE COMMERCIAL REIT CORP
HIFS,HINGHAM INSTITUTION FOR SAVINGS
FFIC,FLUSHING FINANCIAL CORP
FSUN,FIRSTSUN CAPITAL BANCORP
HPP,HUDSON PACIFIC PROPERTIES REIT INC
FOR,FORESTAR GROUP INC
NUTX,NUTEX HEALTH INC
OIS,OIL STATES INTERNATIONAL INC
FRGE,FORGE GLOBAL HOLDINGS INC
ACNB,ACNB CORP
WLFC,WILLIS LEASE FINANCE CORP
MSBI,MIDLAND STATES BANCORP INC
REPL,REPLIMUNE GROUP INC
SPT,SPROUT SOCIAL INC CLASS A
LAB,STANDARD BIOTOOLS INC
PGC,PEAPACK GLADSTONE FINANCIAL CORP
BSRR,SIERRA BANCORP
SABR,SABRE CORP
EGY,VAALCO ENERGY INC
HSTM,HEALTHSTREAM INC
BWMN,BOWMAN CONSULTING GROUP LTD
ZVRA,ZEVRA THERAPEUTICS INC
REAX,REAL BROKERAGE INC
CARE,CARTER BANKSHARES INC
PSNL,PERSONALIS INC
PFIS,PEOPLES FINANCIAL SERVICES CORP
BBBY,BED BATH AND BEYOND INC
FBIZ,FIRST BUSINESS FINANCIAL SERVICES
LTBR,LIGHTBRIDGE CORP
CLMB,CLIMB GLOBAL SOLUTIONS INC
OPTU,OPTIMUM COMMUNICATIONS INC CLASS A
HCKT,HACKETT GROUP INC
NFBK,NORTHFIELD BANCORP INC
BIOA,BIOAGE LABS INC
CHCT,COMMUNITY HEALTHCARE TRUST INC
CMCL,CALEDONIA MINING PLC
UDMY,UDEMY INC
SWBI,SMITH WESSON BRANDS INC
CAL,CALERES INC
MTW,MANITOWOC INC
GEVO,GEVO INC
GMRE,GLOBAL MEDICAL REIT INC
CERS,CERUS CORP
KREF,KKR REAL ESTATE FINANCE INC TRUST
KRUS,KURA SUSHI USA INC
CRNC,CERENCE INC
SSTK,SHUTTERSTOCK INC
KMTS,KESTRA MEDICAL TECHNOLOGIES LTD
PKE,PARK AEROSPACE CORP
SFST,SOUTHERN FIRST BANCSHARES INC
HTLD,HEARTLAND EXPRESS INC
ANGI,ANGI INC CLASS A
MLAB,MESA LABORATORIES INC
KRNY,KEARNY FINANCIAL CORP
ULCC,FRONTIER GROUP HOLDINGS INC
HBCP,HOME BANCORP INC
LXEO,LEXEO THERAPEUTICS INC
NABL,N ABLE INC
STKL,SUNOPTA INC
EBF,ENNIS INC
IHRT,IHEARTMEDIA INC CLASS A
ASIX,ADVANSIX INC
FULC,FULCRUM THERAPEUTICS INC
MITK,MITEK SYSTEMS INC
VOYG,VOYAGER TECHNOLOGIES INC CLASS A
HELE,HELEN OF TROY LTD
CLBK,COLUMBIA FINANCIAL INC
TWI,TITAN INTERNATIONAL INC
FET,FORUM ENERGY TECHNOLOGIES INC
MLR,MILLER INDUSTRIES INC
FPI,FARMLAND PARTNERS INC
YORW,YORK WATER
AVXL,ANAVEX LIFE SCIENCES CORP
SLDE,SLIDE INSURANCE HOLDINGS INC
GIC,GLOBAL INDUSTRIAL
CIVB,CIVISTA BANCSHARES INC
EVH,EVOLENT HEALTH INC CLASS A
CVGW,CALAVO GROWERS INC
MAGN,MAGNERA CORP
VNDA,VANDA PHARMACEUTICALS INC
CVLG,COVENANT LOGISTICS GROUP INC CLASS
IMXI,INTERNATIONAL MONEY EXPRESS INC
CABO,CABLE ONE INC
DHIL,DIAMOND HILL INVESTMENT GROUP INC
DRUG,BRIGHT MINDS BIOSCIENCES INC
OSPN,ONESPAN INC
NPCE,NEUROPACE INC
BOW,BOWHEAD SPECIALTY HOLDINGS INC
EVEX,EVE HOLDING INC
MRVI,MARAVAI LIFESCIENCES HOLDINGS INC
NXDR,NEXTDOOR HOLDINGS INC CLASS A
TIPT,TIPTREE INC
ORN,ORION GROUP INC
CYH,COMMUNITY HEALTH SYSTEMS INC
UNTY,UNITY BANCORP INC
MH,MCGRAW HILL INC
PRTA,PROTHENA PLC
COFS,CHOICEONE FINANCIAL SERVICES INC
FLOC,FLOWCO HOLDINGS INC CLASS A
WRLD,WORLD ACCEPTANCE CORP
CCSI,CONSENSUS CLOUD SOLUTIONS INC
TTAM,TITAN AMERICA SA
ANGO,ANGIODYNAMICS INC
BMRC,BANK OF MARIN BANCORP
HY,HYSTER YALE INC CLASS A
GRPN,GROUPON INC
RBB,RBB BANCORP
BCAL,CALIFORNIA BANCORP
ABSI,ABSCI CORP
LBRX,LB PHARMACEUTICALS INC
ACRS,ACLARIS THERAPEUTICS INC
EVGO,EVGO INC CLASS A
CWBC,COMMUNITY WEST BANCSHARES
WEAV,WEAVE COMMUNICATIONS INC
ALT,ALTIMMUNE INC
WNC,WABASH NATIONAL CORP
PSTL,POSTAL REALTY TRUST INC CLASS A
NATR,NATURES SUNSHINE PRODUCTS INC
ARKO,ARKO
ASC,ARDMORE SHIPPING CORP
BWB,BRIDGEWATER BANCSHARES INC
FFWM,FIRST FOUNDATION INC
PRME,PRIME MEDICINE INC
DNA,GINKGO BIOWORKS HOLDINGS INC CLASS
GTN,GRAY MEDIA INC
SVV,SAVERS VALUE VILLAGE INC
GEFB,GREIF INC CLASS B
LXFR,LUXFER HOLDINGS PLC
CTOS,CUSTOM TRUCK ONE SOURCE INC
SRTA,STRATA CRITICAL MEDICAL INC CLASS
PTLO,PORTILLO S INC CLASS A
HBT,HBT FINANCIAL INC
GLRE,GREENLIGHT CAPITAL LTD CLASS A
WTBA,WEST BANCORPORATION INC
FRBA,FIRST BANK
CLNE,CLEAN ENERGY FUELS CORP
GRND,GRINDR INC
OLP,ONE LIBERTY PROPERTIES REIT INC
IBEX,IBEX LTD
ETON,ETON PHARMACEUTCIALS INC
BAND,BANDWIDTH INC CLASS A
REPX,RILEY EXPLORATION PERMIAN INC
GCO,GENESCO INC
MAX,MEDIAALPHA INC CLASS A
JACK,JACK IN THE BOX INC
ZBIO,ZENAS BIOPHARMA INC
MTRX,MATRIX SERVICE
GOGO,GOGO INC
RRBI,RED RIVER BANCSHARES INC
OBT,ORANGE COUNTY BANCORP INC
FMAO,FARMERS AND MERCHANTS BANCORP INC
CLPT,CLEARPOINT NEURO INC
ITIC,INVESTORS TITLE
BVS,BIOVENTUS CLASS A INC
SLDB,SOLID BIOSCIENCES INC
CDZI,CADIZ INC
IPI,INTREPID POTASH INC
SCVL,SHOE CARNIVAL INC
MCS,THE MARCUS CORP
BFS,SAUL CENTERS REIT INC
NEWT,NEWTEKONE INC
NMAX,NEWSMAX INC CLASS B
KODK,EASTMAN KODAK
ACCO,ACCO BRANDS CORP
BWFG,BANKWELL FINANCIAL GROUP INC
HVT,HAVERTY FURNITURE COMPANIES INC
CBNK,CAPITAL BANCORP INC
BYND,BEYOND MEAT INC
CODI,COMPASS DIVERSIFIED
BCML,BAYCOM CORP
CZNC,CITIZENS AND NORTHERN CORP
FEIM,FREQUENCY ELECTRONICS INC
AKBA,AKEBIA THERAPEUTICS INC
OEC,ORION SA
AQST,AQUESTIVE THERAPEUTICS INC
CLDT,CHATHAM LODGING TRUST REIT
RM,REGIONAL MANAGEMENT CORP
CLFD,CLEARFIELD INC
CBAN,COLONY BANKCORP INC
MOV,MOVADO GROUP INC
RC,READY CAPITAL CORP
MGTX,MEIRAGTX HOLDINGS PLC
MCFT,MASTERCRAFT BOAT HOLDINGS INC
RXST,RXSIGHT INC
NGS,NATURAL GAS SERVICES GROUP INC
MGPI,MGP INGREDIENTS INC
TRC,TEJON RANCH
ENTA,ENANTA PHARMACEUTICALS INC
ABX,ABACUS GLOBAL MANAGEMENT INC CLASS
VSTM,VERASTEM INC
IBTA,IBOTTA INC CLASS A
ONIT,ONITY GROUP INC
SVC,SERVICE PROPERTIES TRUST
EB,EVENTBRITE CLASS A INC
SLP,SIMULATIONS PLUS INC
ZUMZ,ZUMIEZ INC
TITN,TITAN MACHINERY INC
MVBF,MVB FINANCIAL CORP
BATRA,ATLANTA BRAVES HOLDINGS INC SERIES
CTGO,CONTANGO ORE INC
ATLC,ATLANTICUS HOLDINGS CORP
NGVC,NATURAL GROCERS BY VITAMIN COTTAGE
NAGE,NIAGEN BIOSCIENCE INC
NPB,NORTHPOINTE BANCSHARES INC
ILPT,INDUSTRIAL LOGISTICS PROPERTIES TR
STRT,STRATTEC SECURITY CORP
DDD,3D SYSTEMS CORP
DGICA,DONEGAL GROUP INC CLASS A
MNPR,MONOPAR THERAPEUTICS INC
CENT,CENTRAL GARDEN AND PET
SITC,SITE CENTERS CORP
FVR,FRONTVIEW REIT INC
FNLC,FIRST BANCORP INC
TRDA,ENTRADA THERAPEUTICS INC
PDLB,PONCE FINANCIAL GROUP INC
NVEC,NVE CORP
PKBK,PARKE BANCORP INC
BGS,B AND G FOODS INC
LAND,GLADSTONE LAND REIT CORP
CZFS,CITIZENS FINANCIAL SERVICES INC
FSBW,FS BANCORP INC
VLGEA,VILLAGE SUPER MARKET INC CLASS A
NECB,NORTHEAST COMMUNITY BANCORP INC
BH,BIGLARI HOLDINGS INCINARY CLASS B
QTRX,QUANTERIX CORP
SPIR,SPIRE GLOBAL INC CLASS A
HLLY,HOLLEY INC
KIDS,ORTHOPEDIATRICS CORP
FRST,PRIMIS FINANCIAL CORP
KELYA,KELLY SERVICES INC CLASS A
RCKT,ROCKET PHARMACEUTICALS INC
ADCT,ADC THERAPEUTICS SA
TLS,TELOS CORPORATION CORP
MBI,MBIA INC
FDMT,4D MOLECULAR THERAPEUTICS INC
DCTH,DELCATH SYS INC
NLOP,NET LEASE OFFICE PROPERTIES
LENZ,LENZ THERAPEUTICS INC
ACIC,AMERICAN COASTAL INSURANCE CORP
GNE,GENIE ENERGY LTD CLASS B
GBFH,GBANK FINL HLDGS INC
PBYI,PUMA BIOTECHNOLOGY INC
SATL,SATELLOGIC INC CLASS A
PLBC,PLUMAS BANCORP
SWIM,LATHAM GROUP INC
TSBK,TIMBERLAND BANCORP INC
LOCO,EL POLLO LOCO INC
AGL,AGILON HEALTH
ISTR,INVESTAR HOLDING CORP
FSTR,LB FOSTER
BYRN,BYRNA TECHNOLOGIES INC
WSBF,WATERSTONE FINANCIAL INC
VOXR,VOX ROYALTY CORP
RNGR,RANGER ENERGY SERVICES INC CLASS A
NWFL,NORWOOD FINANCIAL CORP
HDSN,HUDSON TECHNOLOGIES INC
OOMA,OOMA INC
ONTF,ON24 INC
PUBM,PUBMATIC INC CLASS A
XPER,XPERI INC
SB,SAFE BULKERS INC
PCB,PCB BANCORP
OSG,OCTAVE SPECIALTY GROUP INC
MPLT,MAPLIGHT THERAPEUTICS INC
CCRN,CROSS COUNTRY HEALTHCARE INC
ALDX,ALDEYRA THERAPEUTICS INC
BRBS,BLUE RIDGE BANKSHARES INC
KFS,KINGSWAY FINANCIAL SERVICES INC
MITT,TPG MORTGAGE INVESTMENT TRUST INC
CLW,CLEARWATER PAPER CORP
NFE,NEW FORTRESS ENERGY INC CLASS A
XRX,XEROX HOLDINGS CORP
DSGR,DISTRIBUTION SOLUTIONS GROUP INC
NATH,NATHANS FAMOUS INC
CADL,CANDEL THERAPEUTICS INC
CNDT,CONDUENT INC
SIGA,SIGA TECHNOLOGIES INC
VIA,VIA TRANSPORTATION INC CLASS A
CMTG,CLAROS MORTGAGE TRUST INC
FRPH,FRP HOLDINGS INC
RMR,RMR GROUP INC CLASS A
NRC,NATIONAL RESEARCH CORP
HYLN,HYLIION HOLDINGS CORP
OPFI,OPPFI INC CLASS A
DMAC,DIAMEDICA THERAPEUTICS INC
MBCN,MIDDLEFIELD BANC CORP
CRSR,CORSAIR GAMING INC
ACRE,ARES COMMERCIAL REAL ESTATE REIT C
DNUT,KRISPY KREME INC
JRVR,JAMES RIVER GROUP HOLDINGS INC
MVIS,MICROVISION INC
ORGO,ORGANOGENESIS HOLDINGS INC CLASS A
SGHT,SIGHT SCIENCES INC
JELD,JELD WEN HOLDING INC
DBI,DESIGNER BRANDS INC CLASS A
BMBL,BUMBLE INC CLASS A
BELFA,BEL FUSE INC CLASS A
BOC,BOSTON OMAHA CORP CLASS A
JMSB,JOHN MARSHALL BANCORP INC
PLSE,PULSE BIOSCIENCES INC
HSHP,HIMALAYA SHIPPING LTD
PACK,RANPAK HOLDINGS CORP CLASS A
JOUT,JOHNSON OUTDOORS INC CLASS A
BLZE,BACKBLAZE INC CLASS A
ATEX,ANTERIX INC
CIA,CITIZENS INC CLASS A
TH,TARGET HOSPITALITY CORP
NCMI,NATIONAL CINEMEDIA INC
AVIR,ATEA PHARMACEUTICALS INC
EOLS,EVOLUS INC
AMCX,AMC NETWORKS CLASS A INC
RPAY,REPAY HOLDINGS CORP CLASS A
USNA,USANA HEALTH SCIENCES INC
XOMA,XOMA ROYALTY CORP
MEI,METHODE ELECTRONICS INC
SPOK,SPOK HOLDINGS INC
ALLO,ALLOGENE THERAPEUTICS INC
BKTI,BK TECHNOLOGIES CORP
PESI,PERMA FIX ENVIRONMENTAL SERVICES I
RBBN,RIBBON COMMUNICATIONS INC
SMC,SUMMIT MIDSTREAM CORP
PSFE,PAYSAFE LTD
VMD,VIEMED HEALTHCARE INC
ASST,STRIVE INC CLASS A
TSSI,TSS INC
ASLE,AERSALE CORP
LDI,LOANDEPOT INC CLASS A
LMNR,LIMONEIRA
FTK,FLOTEK INDUSTRIES INC
GRNT,GRANITE RIDGE RESOURCES INC
AVNW,AVIAT NETWORKS INC
MEC,MAYVILLE ENGINEERING COMPANY INC
PAL,PROFICIENT AUTO LOGISTICS INC
ASPN,ASPEN AEROGELS INC
RZLT,REZOLUTE INC
FVCB,FVCBANKCORP INC
ATLO,AMES NATIONAL CORP
KRMD,KORU MEDICAL SYSTEMS INC
BLFY,BLUE FOUNDRY BANCORP
RCKY,ROCKY BRANDS INC
ASUR,ASURE SOFTWARE INC
BKKT,BAKKT HOLDINGS INC CLASS A
DSGN,DESIGN THERAPEUTICS INC
ABEO,ABEONA THERAPEUTICS INC
WOOF,PETCO HEALTH AND WELLNESS COMPANY
INSE,INSPIRED ENTERTAINMENT INC
ALMU,AELUMA INC
TOI,ONCOLOGY INSTITUTE INC
USAU,US GOLD CORP
HNST,THE HONEST COMPANY INC
BRCB,BLACK ROCK COFFEE BAR INC CLASS A
OVLY,OAK VALLEY BANCORP
FDBC,FIDELITY D AND D BANCORP INC
AURA,AURA BIOSCIENCES INC
MYFW,FIRST WESTERN FINANCIAL INC
WBTN,WEBTOON ENTERTAINMENT INC
PCYO,PURE CYCLE CORP
HRTX,HERON THERAPEUTICS INC
LCNB,LCNB CORP
LFCR,LIFECORE BIOMEDICAL INC
ATNI,ATN INTERNATIONAL INC
FUNC,FIRST UNITED CORP
CMRC,BIGCOMMERCE HOLDINGS INC SERIES
FC,FRANKLIN COVEY
SLQT,SELECTQUOTE INC
PKOH,PARK OHIO HOLDINGS CORP
III,INFORMATION SERVICES GROUP INC
EGHT,8X8 INC
TBCH,TURTLE BEACH CORP
CTEV,CLARITEV CORP CLASS A
CTRN,CITI TRENDS INC
SSP,EW SCRIPPS CLASS A
ALCO,ALICO INC
NKSH,NATIONAL BANKSHARES INC
WYFI,WHITEFIBER INC
RLGT,RADIANT LOGISTIC INC
INR,INFINITY NATURAL RESOURCES INC CLA
OLPX,OLAPLEX HOLDINGS INC
NEXN,NEXXEN INTERNATIONAL LTD
LILA,LIBERTY LATIN AMERICA LTD CLASS A
REFI,CHICAGO ATLANTIC REAL ESTATE FINAN
PINE,ALPINE INCOME PROPERTY TRUST INC
SEVN,SEVEN HILLS REALTY TRUST
XPOF,XPONENTIAL FITNESS INC CLASS A
WNEB,WESTERN NEW ENGLAND BANCORP INC
CRCT,CRICUT INC CLASS A
CHMG,CHEMUNG FINANCIAL CORP
USCB,USCB FINANCIAL HOLDINGS INC CLASS
BSVN,BANK7 CORP
FRAF,FRANKLIN FINANCIAL SERVICES CORP
UIS,UNISYS CORP
TG,TREDEGAR CORP
RICK,RCI HOSPITALITY HOLDINGS INC
CRDA,CRAWFORD CLASS A
VEL,VELOCITY FINANCIAL INC
PANL,PANGAEA LOGISTICS SOLUTIONS LTD
DOMO,DOMO INC CLASS B
LPRO,OPEN LENDING CORP
BPRN,PRINCETON BANCORP INC
ARDT,ARDENT HEALTH INC
TECX,TECTONIC THERAPEUTIC INC
FBLA,FB BANCORP INC
VUZI,VUZIX CORP
OABI,OMNIAB INC
TNXP,TONIX PHARMACEUTICALS HOLDING CORP
CFFI,C AND F FINANCIAL CORP
JCAP,JEFFERSON CAPITAL INC
DOUG,DOUGLAS ELLIMAN INC
KRT,KARAT PACKAGING INC
PLTK,PLAYTIKA HOLDING CORP
TBRG,TRUBRIDGE INC
OPRT,OPORTUN FINANCIAL CORP
CRMT,AMERICAS CAR MART INC
LOVE,LOVESAC COMPANY
TRUE,TRUECAR INC
OSUR,ORASURE TECHNOLOGIES INC
CD,CHAINCE DIGITAL HOLDINGS INC
AVR,ANTERIS TECHNOLOGIES GLOBAL CORP
VABK,VIRGINIA NATIONAL BANKSHARES CORP
SNWV,SANUWAVE HEALTH INC
EVC,ENTRAVISION COMMUNICATIONS CORP CL
AARD,AARDVARK THERAPEUTICS INC
QSI,QUANTUM SI INC CLASS A
FHTX,FOGHORN THERAPEUTICS INC
SNBR,SLEEP NUMBER CORP
TARA,PROTARA THERAPEUTICS INC
INBK,FIRST INTERNET BANCORP
PDYN,PALLADYNE AI CORP
NNOX,NANO X IMAGING LTD
WTI,W AND T OFFSHORE INC
THRY,THRYV HOLDINGS INC
EDIT,EDITAS MEDICINE INC
QUAD,QUAD GRAPHICS INC CLASS A
MFIN,MEDALLION FINANCIAL CORP
MASS,908 DEVICES INC
KINS,KINGSTONE COMPANIES INC
SKYH,SKY HARBOUR GROUP CORP CLASS A
EVCM,EVERCOMMERCE INC
IMMR,IMMERSION CORP
RMNI,RIMINI STREET INC
MG,MISTRAS GROUP INC
OPRX,OPTIMIZERX CORP
DSP,VIANT TECHNOLOGY INC CLASS A
PEBK,PEOPLES BANCORP OF NORTH CAROLINA
JAKK,JAKKS PACIFIC INC
ARCT,ARCTURUS THERAPEUTICS HOLDINGS INC
NC,NACCO INDUSTRIES INC CLASS A
BETR,BETTER HOME FINANCE HOLDING CLASS
CRDF,CARDIFF ONCOLOGY INC
WEYS,WEYCO GROUP INC
VYGR,VOYAGER THERAPEUTICS INC
SKYX,SKYX PLATFORMS CORP
VTEX,VTEX CLASS A
FCCO,FIRST COMMUNITY CORP
ELMD,ELECTROMED INC
CHRS,COHERUS ONCOLOGY INC
MPAA,MOTORCAR PARTS OF AMERICA INC
MRBK,MERIDIAN CORP
BHR,BRAEMAR HOTELS RESORTS INC
NGNE,NEUROGENE INC
ZIP,ZIPRECRUITER INC CLASS A
SKIN,BEAUTY HEALTH COMPANY CLASS A CLAS
BNTC,BENITEC BIOPHARMA INC
BOOM,DMC GLOBAL INC
FENC,FENNEC PHARMACEUTICALS INC
PRTH,PRIORITY TECHNOLOGY HOLDINGS INC
OPBK,OP BANCORP
ALTI,ALTI GLOBAL INC CLASS A
STRS,STRATUS PROPERTIES INC
ACH,ACCENDRA HEALTH INC
SNDA,SONIDA SENIOR LIVING INC
EGAN,EGAIN CORP
BRT,BRT APARTMENTS CORP
GCBC,GREENE COUNTY BANCORP INC
LEGH,LEGACY HOUSING
LAW,CS DISCO INC
WEST,WESTROCK COFFEE
LNKB,LINKBANCORP INC
LZM,LIFEZONE METALS LTD
TCX,TUCOWS INC
FXNC,FIRST NATIONAL CORP
STXS,STEREOTAXIS INC
TBI,TRUEBLUE INC
BZAI,BLAIZE HOLDINGS INC
FSFG,FIRST SAVINGS FINANCIAL GROUP INC
NXDT,NEXPOINT DIVERSIFIED REAL ESTATE T
PAYS,PAYSIGN INC
RGCO,RGC RESOURCES INC
HCAT,HEALTH CATALYST INC
SAMG,SILVERCREST ASSET MANAGEMENT GROUP
PBFS,PIONEER BANCORP INC
CMT,CORE MOLDING TECHNOLOGIES INC
LRMR,LARIMAR THERAPEUTICS INC
CURI,CURIOSITYSTREAM INC CLASS A
AMBQ,AMBIQ MICRO INC
CATX,PERSPECTIVE THERAPEUTICS INC
MPTI,M TRON INDUSTRIES INC
RMAX,RE MAX HOLDINGS INC CLASS A
POWW,OUTDOOR HOLDING
KULR,KULR TECHNOLOGY GROUP INC
HUMA,HUMACYTE INC
INSG,INSEEGO CORP
ALEC,ALECTOR INC
FCAP,FIRST CAPITAL INC
ONEW,ONEWATER MARINE CLASS A INC
HWBK,HAWTHORN BANCSHARES INC
INGN,INOGEN INC
FNKO,FUNKO INC CLASS A
TTGT,TECHTARGET INC
AII,AMERICAN INTEGRITY INSURANCE GROUP
LE,LAND END INC
FFAI,FARADAY FUTURE INTELLIGENT ELECTRI
FLXS,FLEXSTEEL INDUSTRIES INC
MDWD,MEDIWOUND LTD
BNED,BARNES AND NOBLE EDUCATION INC
ACDC,PROFRAC HOLDING CLASS A CORP
SEG,SEAPORT ENTERTAINMENT GROUP INC
GETY,GETTY IMAGES HOLDINGS INC CLASS A
EFSI,EAGLE FINANCIAL SERVICES INC
RSVR,RESERVOIR MEDIA INC
OMDA,OMADA HEALTH INC
TLSI,TRISALUS LF SC CM A
GLSI,GREENWICH LIFESCIENCES INC
UTMD,UTAH MEDICAL PRODUCTS INC
OVBC,OHIO VALLEY BANC CORP
KLC,KINDERCARE LEARNING COMPANIES INC
CDXS,CODEXIS INC
RGP,RESOURCES CONNECTION INC
PLX,PROTALIX BIOTHERAPEUTICS INC
BALY,BALLY S CORP
LFMD,LIFEMD INC
HBB,HAMILTON BEACH BRANDS HOLDING COMP
ESCA,ESCALADE INC
SMHI,SEACOR MARINE HOLDINGS INC
KLTR,KALTURA INC
FINW,FINWISE BANCORP
BBCP,CONCRETE PUMPING HOLDINGS INC
JYNT,JOINT CORP
NREF,NEXPOINT REAL ESTATE FINANCE INC
CZWI,CITIZENS COMMUNITY BANCORP INC
BCBP,BCB BANCORP INC
MED,MEDIFAST INC
CMDB,COSTAMARE BULKERS HOLDINGS LTD
CBFV,CB FINANCIAL SERVICES INC
CBK,COMMERCIAL BANCGROUP INC
RELL,RICHARDSON ELECTRONICS LTD
BVFL,BV FINANCIAL INC
EVI,EVI INDUSTRIES INC
FATE,FATE THERAPEUTICS INC
ACTG,ACACIA RESEARCH CORP
ALTG,ALTA EQUIPMENT GROUP INC CLASS A
ELDN,ELEDON PHARMACEUTICALS INC
MXCT,MAXCYTE INC
TMCI,TREACE MEDICAL CONCEPTS INC
SNFCA,SECURITY NATIONAL FINANCIAL CORP C
EBMT,EAGLE BANCORP MONTANA INC
GENC,GENCOR INDUSTRIES INC
NVCT,NUVECTIS PHARMA INC
ACU,ACME UNITED CORP
FOA,FINANCE OF AMERICA COMPANIES INC C
AVD,AMER VANGUARD CORP
STRZ,STARZ ENTERTAINMENT CORP
JILL,J JILL INC
MDV,MODIV INDUSTRIAL INC CLASS C
KGEI,KOLIBRI GLOBAL ENERGY INC
MLP,MAUI LAND AND PINEAPPLE INC
KRO,KRONOS WORLDWIDE INC
ACR,ACRES COMMERCIAL REALTY CORP
TRAK,REPOSITRAK INC
ASIC,ATEGRITY SPECIALTY INSURANCE COMPA
CFBK,CF BANKSHARES INC
ARQ,ARQ INC
MNSB,MAINSTREET BANCSHARES INC
EWCZ,EUROPEAN WAX CENTER INC CLASS A
DERM,JOURNEY MEDICAL CORP
CXDO,CREXENDO INC
AOMR,ANGEL OAK MORTGAGE REIT INC
FRD,FRIEDMAN INDUSTRIES INC
ULH,UNIVERSAL LOGISTICS HOLDINGS INC
INNV,INNOVAGE HOLDING CORP
LNSR,LENSAR INC
LWAY,LIFEWAY FOODS INC
SMID,SMITH MIDLAND CORP
SPWR,SUNPOWER INC
PXED,PHOENIX EDUCATION PARTNERS INC
ANIK,ANIKA THERAPEUTICS INC
SGC,SUPERIOR GROUP OF COMPANIES INC
ESOA,ENERGY SERVICES OF AMERICA CORP
BSET,BASSETT FURNITURE INDUSTRIES INC
SBFG,SB FINANCIAL GROUP INC
SRBK,SR BANCORP INC
NODK,NI HOLDINGS INC
EPM,EVOLUTION PETROLEUM CORP
ZVIA,ZEVIA CLASS A
FLWS,1-800 FLOWERS.COM INC CLASS A
OFLX,OMEGA FLEX INC
STRW,STRAWBERRY FIELDS REIT INC
HAIN,HAIN CELESTIAL GROUP INC
ACNT,ASCENT INDUSTRIES
HPK,HIGHPEAK ENERGY INC
FNWD,FINWARD BANCORP
GAMB,GAMBLING COM GROUP LTD
NKTX,NKARTA INC
MNTK,MONTAUK RENEWABLES INC
LARK,LANDMARK BANCORP INC
PNBK,PATRIOT NATIONAL BANCORP INC
EHTH,EHEALTH INC
WHG,WESTWOOD HOLDINGS GROUP INC
SUNS,SUNRISE REALTY TRUST INC
CLAR,CLARUS CORP
FORR,FORRESTER RESEARCH INC
INV,INNVENTURE INC
CVRX,CVRX INC
AISP,AIRSHIP AI HOLDINGS INC CLASS A
LVWR,LIVEWIRE GROUP INC
BARK,BARK INC CLASS A
EML,EASTERN
PDEX,PRO DEX INC
DMRC,DIGIMARC CORP
IKT,INHIBIKASE THERAPEUTICS INC
LUCD,LUCID DIAGNOSTICS INC
AOUT,AMERICAN OUTDOOR BRANDS INC
AIRO,AIRO GROUP HOLDINGS INC
RCMT,RCM TECHNOLOGIES INC
TCI,TRANSCONTINENTAL REALTY INVESTORS
OM,OUTSET MEDICAL INC
BRCC,BRC INC CLASS A
HNVR,HANOVER BANCORP INC
RPT,RITHM PROPERTY INC TRUST
FF,FUTUREFUEL CORP
EXFY,EXPENSIFY INC CLASS A
COSO,COASTALSOUTH BANCSHARES INC
HFFG,HF FOODS GROUP INC
GYRE,GYRE THERAPEUTICS INC
SNCR,SYNCHRONOSS TECHNOLOGIES INC
FSP,FRANKLIN STREET PROPERTIES REIT CO
ARAY,ACCURAY INC
GWRS,GLOBAL WATER RESOURCES INC
PMTS,CPI CARD GROUP INC
CARL,CARLSMED INC
DCGO,DOCGO INC
NPWR,NET POWER INC CLASS A
RMBI,RICHMOND MUTUAL BANCORPORATION INC
CSPI,CSP INC
DH,DEFINITIVE HEALTHCARE CORP CLASS A
STIM,NEURONETICS INC
ADV,ADVANTAGE SOLUTIONS INC CLASS A
MAPS,WM TECHNOLOGY INC CLASS A
CPSS,CONSUMER PORTFOLIO SERVICES INC
RNAC,CARTESIAN THERAPEUTICS INC
UBFO,UNITED SECURITY BANCSHARES
RVSB,RIVERVIEW BANCORP INC
FBYD,FALCON S BEYOND GLOBAL INC CLASS A
ELA,ENVELA CORP
ATOM,ATOMERA INC
EEX,EMERALD HOLDING INC
ECBK,ECB BANCORP INC
AEYE,AUDIOEYE INC
SMTI,SANARA MEDTECH INC
AIRJ,AIRJOULE TECHNOLOGIES CORP CLASS A
RXT,RACKSPACE TECHNOLOGY INC
TTEC,TTEC HOLDINGS INC
VIRC,VIRCO MANUFACTURING CORP
MPX,MARINE PRODUCTS CORP
EPSN,EPSILON ENERGY LTD
LAKE,LAKELAND INDUSTRIES INC
SSTI,SOUNDTHINKING INC
LUNG,PULMONX CORP
NRDY,NERDY INC CLASS A
BTMD,BIOTE CORP CLASS A
CBNA,CHAIN BRIDGE BANCORP INC CLASS A
PNRG,PRIMEENERGY RESOURCES CORP
WALD,WALDENCAST PLC CLASS A
PAMT,PAMT CORP
ATYR,ATYR PHARMA INC
KRRO,KORRO BIO INC
ISPR,ISPIRE TECHNOLOGY INC
SI,SHOULDER INNOVATIONS INC
SFBC,SOUND FINANCIAL BANCORP INC
UNB,UNION BANKSHARES INC
LFVN,LIFEVANTAGE CORP
MYPS,PLAYSTUDIOS INC CLASS A
INH,INHIBRX INC CVR
AREN,ARENA GROUP HLDGS INC
AIRS,AIRSCULPT TECHNOLOGIES INC
GAIA,GAIA INC CLASS A
NL,NL INDUSTRIES INC
TUSK,MAMMOTH ENERGY SERVICES INC
CLPR,CLIPPER REALTY INC
HQI,HIREQUEST INC
PROP,PRAIRIE OPERATING
FTLF,FITLIFE BRANDS INC
SKIL,SKILLSOFT CORP CLASS A
AKE,AKERO THERAPEUTICS CVR
ACTU,ACTUATE THERAPEUTICS INC
AVBH,AVIDBANK HOLDINGS INC
RCEL,AVITA MEDICAL INC
EP,EMPIRE PETROLEUM CORP
VHI,VALHI INC
SWKH,SWK HOLDINGS CORP
LFT,LUMENT FINANCE TRUST INC
OPAL,OPAL FUELS INC CLASS A
CURV,TORRID HOLDINGS INC
SIEB,SIEBERT FINANCIAL CORP
SBC,SBC MEDICAL GROUP HOLDINGS INC
SVCO,SILVACO GROUP INC
COOK,TRAEGER INC
MKTW,MARKETWISE INC CLASS A
TKNO,ALPHA TEKNOVA INC
TZOO,TRAVELZOO
VALU,VALUE LINE INC
NXXT,NEXTNRG INC
TVRD,TVARDI THERAPEUTICS INC
MYO,MYOMO INC
CIX,COMPX INTERNATIONAL INC CLASS A
INMB,INMUNE BIO INC
TEAD,TEADS HOLDING
BEEP,MOBILE INFRASTRUCTURE CORP
RBKB,RHINEBECK BANCORP INC
SLND,SOUTHLAND HOLDINGS INC
KG,KESTREL GROUP LTD
CV,CAPSOVISION INC
SEAT,VIVID SEATS INC CLASS A
SLSN,SOLESENCE INC
ARL,AMERICAN REALTY INVESTORS INC
NEON,NEONODE INC
AFRI,FORAFRIC GLOBAL PLC
TSE,TRINSEO PLC
HURA,TUHURA BIOSCIENCES INC
VRM,VROOM INC
GOCO,GOHEALTH INC CLASS A
GMGI,GOLDEN MATRIX GROUP INC
ADRO,CHINOOK THERAPEUTICS INC
VGAS,VERDE CLEAN FUELS INC CLASS A
TVGN,TEVOGEN BIO HOLDINGS INC
ADRO,CHINOOK THERAPEUTICS INC CVR
SAFX,XCF GLOBAL INC CLASS A
ZSPC,ZSPACE
THRD,THIRD HARMONIC BIO INC
CAD,CAD CASH
PDLI,PDL BIOPHARMA INC
GTXI,GTXI INC - CVR